[{
 	"receiveTodayCount": 200,
 	"aliveTodayCount": 185,
 	"deadCount": 15,
 	"roomCount": {
 		"diseasedRoomTotalCount": 114,
 		"emergencyRoomCount": 5,
 		"greenPastureRearingCount": 8,
 		"normalRoomCount": 55,
 		"slaughterRoomCount": 101
 	},
	"animalUpdateToday"	: {
		"dataArr": [
			{	"earTag":"#sup01301",
				"supCode": "Sub001",
				"fromLocation": "Emergency Room",
				"toLocation" : "Abattoir",
				"timeUpdate": "5:34PM"
			},
			{	"earTag":"#sup01302",
				"supCode": "Sub001",
				"fromLocation": "Observation Room",
				"toLocation": "Green Pasture",
				"timeUpdate":"5:20PM"
			},
			{	"earTag":"#sup01303",
				"supCode": "Sub001",
				"fromLocation": "Lairage",
				"toLocation" : "Emergency Room",
				"timeUpdate":"5:05PM"
			},
			{	"earTag":"#sup01304",
				"supCode": "Sub001",
				"fromLocation": "Observation Room",
				"toLocation" : "Abattoir",
				"timeUpdate":"5:54PM"
			},
			{	"earTag":"#sup01305",
				"supCode": "Sub001",
				"fromLocation": "Observation Room",
				"toLocation" : "Dead Room",
				"timeUpdate":"5:44PM"
			}
	
	]},
	
	"animalList"	: {
		"dailyData": [
					{	"id":"#301",
						"date": "22/02/2017",
						"time": "2:30PM",
						"supCode": "Sub001",
						"supName": "Supplier -1",
						"MarketName" : "XYZ",
						"MarketVoucherNo" :"XYZ000",
						"totalReceived" : "60",
						"countOfMale" :"25",
						"countOfFemale":"35",
						"countOfNormal":"14",
						"countOfEmergency":"46"
					},
					{	"id":"#302",
						"date": "22/02/2017",
						"time": "2:35PM",
						"supCode": "Sub002",
						"supName": "Supplier -2",
						"MarketName" : "XYZ",
						"MarketVoucherNo" :"XYZ001",
						"totalReceived": "45",
						"countOfMale" :"35",
						"countOfFemale":"10",
						"countOfNormal":"12",
						"countOfEmergency":"33"
					},
					{	"id":"#303",
						"date": "22/02/2017",
						"time": "2:30PM",
						"supCode": "Sub003",
						"supName": "Supplier -3",
						"MarketName" : "XYZ",
						"MarketVoucherNo" :"XYZ000",
						"totalReceived" : "40",
						"countOfMale" :"25",
						"countOfFemale":"15",
						"countOfNormal":"13",
						"countOfEmergency":"27"
					},
					{	"id":"#304",
						"date": "22/02/2017",
						"time": "2:35PM",
						"supCode": "Sub004",
						"supName": "Supplier -4",
						"MarketName" : "XYZ",
						"MarketVoucherNo" :"XYZ001",
						"totalReceived" : "39",
						"countOfMale" :"35",
						"countOfFemale":"04",
						"countOfNormal":"04",
						"countOfEmergency":"35"
					},
					{	"id":"#305",
						"date": "22/02/2017",
						"time": "2:30PM",
						"supCode": "Sub005",
						"supName": "Supplier -5",
						"MarketName" : "XYZ",
						"MarketVoucherNo" :"XYZ000",
						"totalReceived" : "16",
						"countOfMale" :"05",
						"countOfFemale":"11",
						"countOfNormal":"13",
						"countOfEmergency":"03"
					}
			],
		"weeklyData": [
			{	"id":"#301",
				"date": "22/02/2017",
				"time": "2:30PM",
				"supCode": "Sub001",
				"supName": "Supplier -1",
				"MarketName" : "XYZ",
				"MarketVoucherNo" :"XYZ000",
				"totalReceived" : "60",
				"countOfMale" :"25",
				"countOfFemale":"35",
				"countOfNormal":"14",
				"countOfEmergency":"46"
			},
			{	"id":"#302",
				"date": "22/02/2017",
				"time": "2:35PM",
				"supCode": "Sub002",
				"supName": "Supplier -2",
				"MarketName" : "XYZ",
				"MarketVoucherNo" :"XYZ001",
				"totalReceived": "45",
				"countOfMale" :"35",
				"countOfFemale":"10",
				"countOfNormal":"12",
				"countOfEmergency":"33"
			},
			{	"id":"#303",
				"date": "22/02/2017",
				"time": "2:30PM",
				"supCode": "Sub003",
				"supName": "Supplier -3",
				"MarketName" : "XYZ",
				"MarketVoucherNo" :"XYZ000",
				"totalReceived" : "40",
				"countOfMale" :"25",
				"countOfFemale":"15",
				"countOfNormal":"13",
				"countOfEmergency":"27"
			},
			{	"id":"#304",
				"date": "22/02/2017",
				"time": "2:35PM",
				"supCode": "Sub004",
				"supName": "Supplier -4",
				"MarketName" : "XYZ",
				"MarketVoucherNo" :"XYZ001",
				"totalReceived" : "39",
				"countOfMale" :"35",
				"countOfFemale":"04",
				"countOfNormal":"04",
				"countOfEmergency":"35"
			},
			{	"id":"#305",
				"date": "22/02/2017",
				"time": "2:30PM",
				"supCode": "Sub005",
				"supName": "Supplier -5",
				"MarketName" : "XYZ",
				"MarketVoucherNo" :"XYZ000",
				"totalReceived" : "16",
				"countOfMale" :"05",
				"countOfFemale":"11",
				"countOfNormal":"13",
				"countOfEmergency":"03"
			}
		],
		"monthlyData": [
			{	"id":"#301",
				"date": "22/02/2017",
				"time": "2:30PM",
				"supCode": "Sub001",
				"supName": "Supplier -1",
				"MarketName" : "XYZ",
				"MarketVoucherNo" :"XYZ000",
				"totalReceived" : "60",
				"countOfMale" :"25",
				"countOfFemale":"35",
				"countOfNormal":"14",
				"countOfEmergency":"46"
			},
			{	"id":"#302",
				"date": "22/02/2017",
				"time": "2:35PM",
				"supCode": "Sub002",
				"supName": "Supplier -2",
				"MarketName" : "XYZ",
				"MarketVoucherNo" :"XYZ001",
				"totalReceived": "45",
				"countOfMale" :"35",
				"countOfFemale":"10",
				"countOfNormal":"12",
				"countOfEmergency":"33"
			},
			{	"id":"#303",
				"date": "22/02/2017",
				"time": "2:30PM",
				"supCode": "Sub003",
				"supName": "Supplier -3",
				"MarketName" : "XYZ",
				"MarketVoucherNo" :"XYZ000",
				"totalReceived" : "40",
				"countOfMale" :"25",
				"countOfFemale":"15",
				"countOfNormal":"13",
				"countOfEmergency":"27"
			},
			{	"id":"#304",
				"date": "22/02/2017",
				"time": "2:35PM",
				"supCode": "Sub004",
				"supName": "Supplier -4",
				"MarketName" : "XYZ",
				"MarketVoucherNo" :"XYZ001",
				"totalReceived" : "39",
				"countOfMale" :"35",
				"countOfFemale":"04",
				"countOfNormal":"04",
				"countOfEmergency":"35"
			},
			{	"id":"#305",
				"date": "22/02/2017",
				"time": "2:30PM",
				"supCode": "Sub005",
				"supName": "Supplier -5",
				"MarketName" : "XYZ",
				"MarketVoucherNo" :"XYZ000",
				"totalReceived" : "16",
				"countOfMale" :"05",
				"countOfFemale":"11",
				"countOfNormal":"13",
				"countOfEmergency":"03"
			}
		],
		"quarterlyData": [
			{	"id":"#301",
				"date": "22/02/2017",
				"time": "2:30PM",
				"supCode": "Sub001",
				"supName": "Supplier -1",
				"MarketName" : "XYZ",
				"MarketVoucherNo" :"XYZ000",
				"totalReceived" : "60",
				"countOfMale" :"25",
				"countOfFemale":"35",
				"countOfNormal":"14",
				"countOfEmergency":"46"
			},
			{	"id":"#302",
				"date": "22/02/2017",
				"time": "2:35PM",
				"supCode": "Sub002",
				"supName": "Supplier -2",
				"MarketName" : "XYZ",
				"DeadRoomCount" : 5,
				"GreenPastureCount" : 5,
				"MissingCount" : 5
			},
			{
				"supName": "Supplier -4",
				"EmergencyRoomCount" : 5,
				"AbattoirRoomCount" : 5,
				"DeadRoomCount" : 5,
				"GreenPastureCount" : 5,
				"MissingCount" : 5
			},
			{
				"supName": "Supplier -5",
				"EmergencyRoomCount" : 5,
				"AbattoirRoomCount" : 5,
				"DeadRoomCount" : 5,
				"GreenPastureCount" : 5,
				"MissingCount" : 5
			}]
	},
	"emergencyRoomList": {
		"all" : [{
				"supName": "Supplier -1",
				"AbattoirRoomCount" : 5,
				"DeadRoomCount" : 5,
				"GreenPastureCount" : 5				
			},
			{
				"supName": "Supplier -2",
				"AbattoirRoomCount" : 5,
				"DeadRoomCount" : 5,
				"GreenPastureCount" : 5	
			},
			{
				"supName": "Supplier -3",
				"AbattoirRoomCount" : 5,
				"DeadRoomCount" : 5,
				"GreenPastureCount" : 5	
			},
			{
				"supName": "Supplier -4",
				"AbattoirRoomCount" : 5,
				"DeadRoomCount" : 5,
				"GreenPastureCount" : 5	
			},
			{
				"supName": "Supplier -5",
				"AbattoirRoomCount" : 5,
				"DeadRoomCount" : 5,
				"GreenPastureCount" : 5	
			}]
	},
	"lairageRoomList": {
		"all" : [{
				"supName": "Supplier -1",
				"locationNotChangeCount" : 0,
				"EmergencyRoomCount" : 5,
				"AbattoirRoomCount" : 5,
				"GreenPastureCount" : 5,
				"MissingCount" : 5			
			},
			{
				"supName": "Supplier -2",
				"locationNotChangeCount" : 0,
				"EmergencyRoomCount" : 5,
				"AbattoirRoomCount" : 5,
				"GreenPastureCount" : 5,
				"MissingCount" : 5	
			},
			{
				"supName": "Supplier -3",
				"locationNotChangeCount" : 0,
				"EmergencyRoomCount" : 5,
				"AbattoirRoomCount" : 5,
				"GreenPastureCount" : 5,
				"MissingCount" : 5	
			},
			{
				"supName": "Supplier -4",
				"locationNotChangeCount" : 0,
				"EmergencyRoomCount" : 5,
				"AbattoirRoomCount" : 5,
				"GreenPastureCount" : 5,
				"MissingCount" : 5	
			},
			{
				"supName": "Supplier -5",
				"locationNotChangeCount" : 0,
				"EmergencyRoomCount" : 5,
				"AbattoirRoomCount" : 5,
				"GreenPastureCount" : 5,
				"MissingCount" : 5	
			}]
	},
	
	"receivedVolume" : {
		"dailyData" : [{
				"suppName" : "Supplier-1",
				"raisedCount" : 60,
				"resolvedCount" : 46,
				"openCount" : 14
			},{
				"suppName" : "Supplier-2",
				"raisedCount" : 45,
				"resolvedCount" : 33,
				"openCount" : 12
			},{
				"suppName" : "Supplier-3",
				"raisedCount" : 40,
				"resolvedCount" : 13,
				"openCount" : 27
			},{
				"suppName" : "Supplier-4",
				"raisedCount" : 39,
				"resolvedCount" : 35,
				"openCount" : 4
			},{
				"suppName" : "Supplier-5",
				"raisedCount" : 16,
				"resolvedCount" : 13,
				"openCount" : 3
			}],
			"weeklyData" : [{
				"suppName" : "Supplier-1",
				"raisedCount" : 60,
				"resolvedCount" : 46,
				"openCount" : 14
			},{
				"suppName" : "Supplier-2",
				"raisedCount" : 45,
				"resolvedCount" : 33,
				"openCount" : 12
			},{
				"suppName" : "Supplier-3",
				"raisedCount" : 40,
				"resolvedCount" : 13,
				"openCount" : 27
			},{
				"suppName" : "Supplier-4",
				"raisedCount" : 39,
				"resolvedCount" : 35,
				"openCount" : 4
			},{
				"suppName" : "Supplier-5",
				"raisedCount" : 16,
				"resolvedCount" : 13,
				"openCount" : 3
			}],
			"monthlyData" : [{
				"suppName" : "Supplier-1",
				"raisedCount" : 60,
				"resolvedCount" : 46,
				"openCount" : 14
			},{
				"suppName" : "Supplier-2",
				"raisedCount" : 45,
				"resolvedCount" : 33,
				"openCount" : 12
			},{
				"suppName" : "Supplier-3",
				"raisedCount" : 40,
				"resolvedCount" : 13,
				"openCount" : 27
			},{
				"suppName" : "Supplier-4",
				"raisedCount" : 39,
				"resolvedCount" : 35,
				"openCount" : 4
			},{
				"suppName" : "Supplier-5",
				"raisedCount" : 16,
				"resolvedCount" : 13,
				"openCount" : 3
			}],
			"quarterlyData" : [{
				"suppName" : "Supplier-1",
				"raisedCount" : 60,
				"resolvedCount" : 46,
				"openCount" : 14
			},{
				"suppName" : "Supplier-2",
				"raisedCount" : 45,
				"resolvedCount" : 33,
				"openCount" : 12
			},{
				"suppName" : "Supplier-3",
				"raisedCount" : 40,
				"resolvedCount" : 13,
				"openCount" : 27
			},{
				"suppName" : "Supplier-4",
				"raisedCount" : 39,
				"resolvedCount" : 35,
				"openCount" : 4
			},{
				"suppName" : "Supplier-5",
				"raisedCount" : 16,
				"resolvedCount" : 13,
				"openCount" : 3
			}]
		
	}	
}]
	
	
 		