[{
 	"receiveTodayCount": 200,
 	"aliveTodayCount": 185,
 	"deadCount": 15,
 	"roomCount": {
 		"diseasedRoomTotalCount": 114,
 		"emergencyRoomCount": 5,
 		"greenPastureRearingCount": 8,
 		"normalRoomCount": 55,
 		"slaughterRoomCount": 101
 	},
 	"animalReceivedTrendThisYear": {
 		"dailyData": [
		{
 			"timeInstance": 1483245000,
			"totalReceivedCount": 16,
			"totalAliveCount": 6,
 			"alive": {
 				"receivedCount": 1,
 				"aliveCount":1
 			},
 			"dead": {
 				"receivedCount": 2,
 				"aliveCount": 1
 			},
 			"normal": {
 				"receivedCount": 3,
 				"aliveCount": 1
 			},
 			"emergency": {
 				"receivedCount": 10,
 				"aliveCount": 3
 			}
 		},
		{
 			"timeInstance": 1483331400,
			"totalreceivedCount": 15,
			"totalaliveCount": 7,
 			"alive": {
 				"receivedCount": 0,
 				"aliveCount": 0
 			},
 			"dead": {
 				"receivedCount": 3,
 				"aliveCount": 0
 			},
 			"normal": {
 				"receivedCount": 4,
 				"aliveCount": 2
 			},
 			"emergency": {
 				"receivedCount": 8,
 				"aliveCount": 5
 			}
 		},
          {
 			"timeInstance": 1483417800,
			"totalreceivedCount": 15,
			"totalaliveCount": 13,
 			"alive": {
 				"receivedCount": 1,
 				"aliveCount": 0
 			},
 			"dead": {
 				"receivedCount": 4,
 				"aliveCount": 2
 			},
 			"normal": {
 				"receivedCount": 5,
 				"aliveCount": 3
 			},
 			"emergency": {
 				"receivedCount": 5,
 				"aliveCount": 8
 			}
 		},
{
 			"timeInstance": 1483504200,
			"totalreceivedCount": 18,
			"totalaliveCount": 19,
 			"alive": {
 				"receivedCount": 0,
 				"aliveCount": 1
 			},
 			"dead": {
 				"receivedCount": 1,
 				"aliveCount": 4
 			},
 			"normal": {
 				"receivedCount": 6,
 				"aliveCount": 4
 			},
 			"emergency": {
 				"receivedCount": 11,
 				"aliveCount": 10
 			}
 		},
{
 			"timeInstance": 1483590600,
			"totalreceivedCount": 33,
			"totalaliveCount": 32,
 			"alive": {
 				"receivedCount": 0,
 				"aliveCount": 0
 			},
 			"dead": {
 				"receivedCount": 4,
 				"aliveCount": 2
 			},
 			"normal": {
 				"receivedCount": 9,
 				"aliveCount": 10
 			},
 			"emergency": {
 				"receivedCount": 20,
 				"aliveCount": 20
 			}
 		},
{
 			"timeInstance": 1483677000,
			"totalreceivedCount": 45,
			"totalaliveCount": 34,
 			"alive": {
 				"receivedCount": 1,
 				"aliveCount": 1
 			},
 			"dead": {
 				"receivedCount": 5,
 				"aliveCount": 1
 			},
 			"normal": {
 				"receivedCount": 14,
 				"aliveCount": 14
 			},
 			"emergency": {
 				"receivedCount": 25,
 				"aliveCount": 18
 			}
 		},
{
 			"timeInstance": 1483763400,
			"totalreceivedCount": 28,
			"totalaliveCount": 34,
 			"alive": {
 				"receivedCount": 0,
 				"aliveCount": 0
 			},
 			"dead": {
 				"receivedCount": 3,
 				"aliveCount": 3
 			},
 			"normal": {
 				"receivedCount": 10,
 				"aliveCount": 6
 			},
 			"emergency": {
 				"receivedCount": 15,
 				"aliveCount": 25
 			}
 		},
{
 			"timeInstance": 1483849800,
			"totalreceivedCount": 37,
			"totalaliveCount": 31,
 			"alive": {
 				"receivedCount": 0,
 				"aliveCount": 0
 			},
 			"dead": {
 				"receivedCount": 2,
 				"aliveCount": 1
 			},
 			"normal": {
 				"receivedCount": 12,
 				"aliveCount": 8
 			},
 			"emergency": {
 				"receivedCount": 23,
 				"aliveCount": 22
 			}
 		},
{
 			"timeInstance": 1483936200,
			"totalreceivedCount": 32,
			"totalaliveCount": 31,
 			"alive": {
 				"receivedCount": 0,
 				"aliveCount": 0
 			},
 			"dead": {
 				"receivedCount": 0,
 				"aliveCount": 0
 			},
 			"normal": {
 				"receivedCount": 13,
 				"aliveCount": 10
 			},
 			"emergency": {
 				"receivedCount": 19,
 				"aliveCount": 21
 			}
 		},
{
 			"timeInstance": 1484022600,
			"totalreceivedCount": 28,
			"totalaliveCount": 28,
 			"alive": {
 				"receivedCount": 1,
 				"aliveCount": 0
 			},
 			"dead": {
 				"receivedCount": 1,
 				"aliveCount": 4
 			},
 			"normal": {
 				"receivedCount": 16,
 				"aliveCount": 11
 			},
 			"emergency": {
 				"receivedCount": 10,
 				"aliveCount": 13
 			}
 		},
{
 			"timeInstance": 1484109000,
			"totalreceivedCount": 46,
			"totalaliveCount": 40,
 			"alive": {
 				"receivedCount": 2,
 				"aliveCount": 1
 			},
 			"dead": {
 				"receivedCount": 0,
 				"aliveCount": 3
 			},
 			"normal": {
 				"receivedCount": 22,
 				"aliveCount": 14
 			},
 			"emergency": {
 				"receivedCount": 22,
 				"aliveCount": 22
 			}
 		},
{
 			"timeInstance": 1484195400,
			"totalreceivedCount": 51,
			"totalaliveCount": 30,
 			"alive": {
 				"receivedCount": 3,
 				"aliveCount": 2
 			},
 			"dead": {
 				"receivedCount": 3,
 				"aliveCount": 1
 			},
 			"normal": {
 				"receivedCount": 12,
 				"aliveCount": 12
 			},
 			"emergency": {
 				"receivedCount": 33,
 				"aliveCount": 15
 			}
 		},
{
 			"timeInstance": 1484281800,
			"totalreceivedCount": 24,
			"totalaliveCount": 32,
 			"alive": {
 				"receivedCount": 0,
 				"aliveCount": 2
 			},
 			"dead": {
 				"receivedCount": 5,
 				"aliveCount": 2
 			},
 			"normal": {
 				"receivedCount": 8,
 				"aliveCount": 10
 			},
 			"emergency": {
 				"receivedCount": 11,
 				"aliveCount": 18
 			}
 		},
{
 			"timeInstance": 1484368200,
			"totalreceivedCount": 41,
			"totalaliveCount": 26,
 			"alive": {
 				"receivedCount": 0,
 				"aliveCount": 1
 			},
 			"dead": {
 				"receivedCount": 6,
 				"aliveCount": 2
 			},
 			"normal": {
 				"receivedCount": 5,
 				"aliveCount": 11
 			},
 			"emergency": {
 				"receivedCount": 30,
 				"aliveCount": 12
 			}
 		},
{
 			"timeInstance": 1484454600,
			"totalreceivedCount": 22,
			"totalaliveCount": 21,
 			"alive": {
 				"receivedCount": 0,
 				"aliveCount": 0
 			},
 			"dead": {
 				"receivedCount": 3,
 				"aliveCount": 4
 			},
 			"normal": {
 				"receivedCount": 7,
 				"aliveCount": 7
 			},
 			"emergency": {
 				"receivedCount": 12,
 				"aliveCount": 10
 			}
 		},
{
 			"timeInstance": 1484541000,
			"totalreceivedCount": 27,
			"totalaliveCount": 26,
 			"alive": {
 				"receivedCount": 0,
 				"aliveCount": 0
 			},
 			"dead": {
 				"receivedCount": 7,
 				"aliveCount": 9
 			},
 			"normal": {
 				"receivedCount": 9,
 				"aliveCount": 8
 			},
 			"emergency": {
 				"receivedCount": 11,
 				"aliveCount": 9
 			}
 		},
{
 			"timeInstance": 1484627400,
			"totalreceivedCount": 17,
			"totalaliveCount": 34,
 			"alive": {
 				"receivedCount": 1,
 				"aliveCount": 0
 			},
 			"dead": {
 				"receivedCount": 2,
 				"aliveCount": 0
 			},
 			"normal": {
 				"receivedCount": 4,
 				"aliveCount": 19
 			},
 			"emergency": {
 				"receivedCount": 10,
 				"aliveCount": 15
 			}
 		},
{
 			"timeInstance": 1484713800,
			"totalreceivedCount": 15,
			"totalaliveCount": 6,
 			"alive": {
 				"receivedCount": 1,
 				"aliveCount": 1
 			},
 			"dead": {
 				"receivedCount": 0,
 				"aliveCount": 0
 			},
 			"normal": {
 				"receivedCount": 3,
 				"aliveCount": 4
 			},
 			"emergency": {
 				"receivedCount": 11,
 				"aliveCount": 1
 			}
 		},
{
 			"timeInstance": 1484800200,
			"totalreceivedCount": 24,
			"totalaliveCount": 28,
 			"alive": {
 				"receivedCount": 1,
 				"aliveCount": 2
 			},
 			"dead": {
 				"receivedCount": 5,
 				"aliveCount": 5
 			},
 			"normal": {
 				"receivedCount": 2,
 				"aliveCount": 10
 			},
 			"emergency": {
 				"receivedCount": 16,
 				"aliveCount": 11
 			}
 		},
{
 			"timeInstance": 1484886600,
			"totalreceivedCount": 28,
			"totalaliveCount": 24,
 			"alive": {
 				"receivedCount": 0,
 				"aliveCount": 0
 			},
 			"dead": {
 				"receivedCount": 3,
 				"aliveCount": 4
 			},
 			"normal": {
 				"receivedCount": 8,
 				"aliveCount": 2
 			},
 			"emergency": {
 				"receivedCount": 17,
 				"aliveCount": 18
 			}
 		},
{
 			"timeInstance": 1484973000,
			"totalreceivedCount": 31,
			"totalaliveCount": 24,
 			"alive": {
 				"receivedCount": 0,
 				"aliveCount": 0
 			},
 			"dead": {
 				"receivedCount": 1,
 				"aliveCount": 3
 			},
 			"normal": {
 				"receivedCount": 5,
 				"aliveCount": 0
 			},
 			"emergency": {
 				"receivedCount": 25,
 				"aliveCount": 21
 			}
 		},
{
 			"timeInstance": 1485059400,
			"totalreceivedCount": 40,
			"totalaliveCount": 38,
 			"alive": {
 				"receivedCount": 0,
 				"aliveCount": 0
 			},
 			"dead": {
 				"receivedCount": 2,
 				"aliveCount": 4
 			},
 			"normal": {
 				"receivedCount": 9,
 				"aliveCount": 12
 			},
 			"emergency": {
 				"receivedCount": 29,
 				"aliveCount": 22
 			}
 		},
{
 			"timeInstance": 1485145800,
			"totalreceivedCount": 51,
			"totalaliveCount": 42,
 			"alive": {
 				"receivedCount": 2,
 				"aliveCount": 0
 			},
 			"dead": {
 				"receivedCount": 3,
 				"aliveCount": 3
 			},
 			"normal": {
 				"receivedCount": 16,
 				"aliveCount": 16
 			},
 			"emergency": {
 				"receivedCount": 30,
 				"aliveCount": 23
 			}
 		},
{
 			"timeInstance": 1485232200,
			"totalreceivedCount": 55,
			"totalaliveCount": 36,
 			"alive": {
 				"receivedCount": 1,
 				"aliveCount": 2
 			},
 			"dead": {
 				"receivedCount": 1,
 				"aliveCount": 0
 			},
 			"normal": {
 				"receivedCount": 12,
 				"aliveCount": 12
 			},
 			"emergency": {
 				"receivedCount": 41,
 				"aliveCount": 22
 			}
 		},
{
 			"timeInstance": 1485318600,
			"totalreceivedCount": 39,
			"totalaliveCount": 53,
 			"alive": {
 				"receivedCount": 1,
 				"aliveCount": 2
 			},
 			"dead": {
 				"receivedCount": 0,
 				"aliveCount": 2
 			},
 			"normal": {
 				"receivedCount": 16,
 				"aliveCount": 10
 			},
 			"emergency": {
 				"receivedCount": 22,
 				"aliveCount": 39
 			}
 		},
{
 			"timeInstance": 1485405000,
			"totalreceivedCount": 42,
			"totalaliveCount": 59,
 			"alive": {
 				"receivedCount": 0,
 				"aliveCount": 0
 			},
 			"dead": {
 				"receivedCount": 3,
 				"aliveCount": 2
 			},
 			"normal": {
 				"receivedCount": 18,
 				"aliveCount": 23
 			},
 			"emergency": {
 				"receivedCount": 21,
 				"aliveCount": 34
 			}
 		},
{
 			"timeInstance": 1485491400,
			"totalreceivedCount": 54,
			"totalaliveCount": 33,
 			"alive": {
 				"receivedCount": 1,
 				"aliveCount": 1
 			},
 			"dead": {
 				"receivedCount": 4,
 				"aliveCount": 5
 			},
 			"normal": {
 				"receivedCount": 22,
 				"aliveCount": 12
 			},
 			"emergency": {
 				"receivedCount": 27,
 				"aliveCount": 15
 			}
 		},
{
 			"timeInstance": 1485577800,
			"totalreceivedCount": 41,
			"totalaliveCount": 42,
 			"alive": {
 				"receivedCount": 3,
 				"aliveCount": 1
 			},
 			"dead": {
 				"receivedCount": 5,
 				"aliveCount": 4
 			},
 			"normal": {
 				"receivedCount": 12,
 				"aliveCount": 15
 			},
 			"emergency": {
 				"receivedCount": 21,
 				"aliveCount": 22
 			}
 		},
{
 			"timeInstance": 1485664200,
			"totalreceivedCount": 39,
			"totalaliveCount": 53,
 			"alive": {
 				"receivedCount": 2,
 				"aliveCount": 1
 			},
 			"dead": {
 				"receivedCount": 8,
 				"aliveCount": 4
 			},
 			"normal": {
 				"receivedCount": 15,
 				"aliveCount": 12
 			},
 			"emergency": {
 				"receivedCount": 14,
 				"aliveCount": 36
 			}
 		},
{
 			"timeInstance": 1485750600,
			"totalreceivedCount": 42,
			"totalaliveCount": 29,
 			"alive": {
 				"receivedCount": 1,
 				"aliveCount": 1
 			},
 			"dead": {
 				"receivedCount": 6,
 				"aliveCount": 5
 			},
 			"normal": {
 				"receivedCount": 18,
 				"aliveCount": 10
 			},
 			"emergency": {
 				"receivedCount": 17,
 				"aliveCount": 13
 			}
 		},
{
 			"timeInstance": 1485837000,
			"totalreceivedCount": 39,
			"totalaliveCount": 32,
 			"alive": {
 				"receivedCount": 0,
 				"aliveCount": 0
 			},
 			"dead": {
 				"receivedCount": 2,
 				"aliveCount": 6
 			},
 			"normal": {
 				"receivedCount": 23,
 				"aliveCount": 14
 			},
 			"emergency": {
 				"receivedCount": 14,
 				"aliveCount": 12
 			}
 		},
		{
 			"timeInstance": 1485923400,
			"totalreceivedCount": 28,
			"totalaliveCount": 23,
 			"alive": {
 				"receivedCount": 1,
 				"aliveCount": 1
 			},
 			"dead": {
 				"receivedCount": 3,
 				"aliveCount": 2
 			},
 			"normal": {
 				"receivedCount": 12,
 				"aliveCount": 10
 			},
 			"emergency": {
 				"receivedCount": 12,
 				"aliveCount": 10
 			}
 		},
		{
 			"timeInstance": 1486009800,
			"totalreceivedCount": 72,
			"totalaliveCount": 29,
 			"alive": {
 				"receivedCount": 2,
 				"aliveCount": 1
 			},
 			"dead": {
 				"receivedCount": 2,
 				"aliveCount": 3
 			},
 			"normal": {
 				"receivedCount": 23,
 				"aliveCount": 10
 			},
 			"emergency": {
 				"receivedCount": 45,
 				"aliveCount": 15
 			}
 		},
		{
 			"timeInstance": 1486096200,
			"totalreceivedCount": 40,
			"totalaliveCount": 26,
 			"alive": {
 				"receivedCount": 2,
 				"aliveCount": 1
 			},
 			"dead": {
 				"receivedCount": 1,
 				"aliveCount": 1
 			},
 			"normal": {
 				"receivedCount": 14,
 				"aliveCount": 10
 			},
 			"emergency": {
 				"receivedCount": 23,
 				"aliveCount": 14
 			}
 		},
		{
 			"timeInstance": 1486182600,
			"totalreceivedCount": 40,
			"totalaliveCount": 25,
 			"alive": {
 				"receivedCount": 1,
 				"aliveCount": 1
 			},
 			"dead": {
 				"receivedCount": 4,
 				"aliveCount": 4
 			},
 			"normal": {
 				"receivedCount": 10,
 				"aliveCount": 10
 			},
 			"emergency": {
 				"receivedCount": 25,
 				"aliveCount": 10
 			}
 		}
           ],
 		"weeklyData": [{
 			"timeInstance": 1483763400,
			"totalreceivedCount": 170,
			"totalaliveCount": 145,
 			"alive": {
 				"receivedCount": 3,
 				"aliveCount": 3
 			},
 			"dead": {
 				"receivedCount": 22,
 				"aliveCount": 13
 			},
 			"normal": {
 				"receivedCount": 51,
 				"aliveCount": 40
 			},
 			"emergency": {
 				"receivedCount": 94,
 				"aliveCount": 89
 			}
 		},
{
 			"timeInstance": 1484368200,
			"totalreceivedCount": 259,
			"totalaliveCount": 218,
 			"alive": {
 				"receivedCount": 6,
 				"aliveCount": 6
 			},
 			"dead": {
 				"receivedCount": 17,
 				"aliveCount": 13
 			},
 			"normal": {
 				"receivedCount": 88,
 				"aliveCount": 76
 			},
 			"emergency": {
 				"receivedCount": 148,
 				"aliveCount": 123
 			}
 		},
{
 			"timeInstance": 1484973000,
			"totalreceivedCount": 164,
			"totalaliveCount": 163,
 			"alive": {
 				"receivedCount": 3,
 				"aliveCount": 3
 			},
 			"dead": {
 				"receivedCount": 21,
 				"aliveCount": 25
 			},
 			"normal": {
 				"receivedCount": 38,
 				"aliveCount": 50
 			},
 			"emergency": {
 				"receivedCount": 102,
 				"aliveCount": 85
 			}
 		},
           {
 			"timeInstance": 1485577800,
			"totalreceivedCount": 322,
			"totalaliveCount": 303,
 			"alive": {
 				"receivedCount": 8,
 				"aliveCount": 6
 			},
 			"dead": {
 				"receivedCount": 18,
 				"aliveCount": 20
 			},
 			"normal": {
 				"receivedCount": 105,
 				"aliveCount": 100
 			},
 			"emergency": {
 				"receivedCount": 191,
 				"aliveCount": 177
 			}
 	      },
           {
 			"timeInstance": 1486182600,
			"totalreceivedCount": 300,
			"totalaliveCount": 217,
 			"alive": {
 				"receivedCount": 9,
 				"aliveCount": 6
 			},
 			"dead": {
 				"receivedCount": 26,
 				"aliveCount": 25
 			},
 			"normal": {
 				"receivedCount": 115,
 				"aliveCount": 76
 			},
 			"emergency": {
 				"receivedCount": 150,
 				"aliveCount": 110
 			}
 		}],
 		"monthlyData": [
			{
 				"timeInstance": 1485837000,
				"totalreceivedCount": 1035,
				"totalaliveCount": 943,
 				"alive": {
 					"receivedCount": 23,
 					"aliveCount": 20
 				},
 				"dead": {
 					"receivedCount": 94,
 					"aliveCount": 86
 				},
 				"normal": {
 					"receivedCount": 338,
 					"aliveCount": 302
 				},
 				"emergency": {
 					"receivedCount": 580,
 					"aliveCount": 535
 				}
 			},
{
 				"timeInstance": 1486182600,
				"totalreceivedCount": 180,
				"totalaliveCount": 103,
 				"alive": {
 					"receivedCount": 6,
 					"aliveCount": 4
 				},
 				"dead": {
 					"receivedCount": 10,
 					"aliveCount": 10
 				},
 				"normal": {
 					"receivedCount": 59,
 					"aliveCount": 40
 				},
 				"emergency": {
 					"receivedCount": 105,
 					"aliveCount": 49
 				}
 			}],

 		"quarterlyData": [{
 			"timeInstance": 1486182600,
			"totalreceivedCount": 1215,
			"totalaliveCount": 1046,
 			"alive": {
 				"receivedCount": 29,
 				"aliveCount": 24
 			},
 			"dead": {
 				"receivedCount": 104,
 				"aliveCount": 96
 			},
 			"normal": {
 				"receivedCount": 397,
 				"aliveCount": 342
 			},
 			"emergency": {
 				"receivedCount": 685,
 				"aliveCount": 584
 			}
 		}]
},
 	"supplierListThisYear": {
 		"dailyData": [{
 			"supplierName": "Supplier-1",
 			"animalCount": 60
 		},
{
 			"supplierName": "Supplier-2",
 			"animalCount": 45
 		},
{
 			"supplierName": "Supplier-3",
 			"animalCount": 40
 		},
{
 			"supplierName": "Supplier-4",
 			"animalCount": 39
 		},
{
 			"supplierName": "Supplier-5",
 			"animalCount": 16
 		}],
 		"weeklyData": [{
 			"supplierName": "Supplier-1",
 			"animalCount": 60
 		},
{
 			"supplierName": "Supplier-2",
 			"animalCount": 45
 		},
{
 			"supplierName": "Supplier-3",
 			"animalCount": 40
 		},
{
 			"supplierName": "Supplier-4",
 			"animalCount": 39
 		},
{
 			"supplierName": "Supplier-5",
 			"animalCount": 16
 		}],
 		"monthlyData": [{
 			"supplierName": "Supplier-1",
 			"animalCount": 60
 		},
{
 			"supplierName": "Supplier-2",
 			"animalCount": 45
 		},
{
 			"supplierName": "Supplier-3",
 			"animalCount": 40
 		},
{
 			"supplierName": "Supplier-4",
 			"animalCount": 39
 		},
{
 			"supplierName": "Supplier-5",
 			"animalCount": 16
 		}],
 		"quarterlyData": [{
 			"supplierName": "Supplier-1",
 			"animalCount": 60
 		},
{
 			"supplierName": "Supplier-2",
 			"animalCount": 45
 		},
{
 			"supplierName": "Supplier-3",
 			"animalCount": 40
 		},
{
 			"supplierName": "Supplier-4",
 			"animalCount": 39
 		},
{
 			"supplierName": "Supplier-5",
 			"animalCount": 16
 		}]
 	},
	
	"animalList"	: {
		"dailyData": [
					{	"id":"#301",
						"date": "22/02/2017",
						"time": "2:30PM",
						"supCode": "Sub001",
						"supName": "Supplier -1",
						"MarketName" : "XYZ",
						"MarketVoucherNo" :"XYZ000",
						"totalReceived" : "60",
						"countOfMale" :"25",
						"countOfFemale":"35",
						"countOfNormal":"14",
						"countOfEmergency":"46"
					},
					{	"id":"#302",
						"date": "22/02/2017",
						"time": "2:35PM",
						"supCode": "Sub002",
						"supName": "Supplier -2",
						"MarketName" : "XYZ",
						"MarketVoucherNo" :"XYZ001",
						"totalReceived": "45",
						"countOfMale" :"35",
						"countOfFemale":"10",
						"countOfNormal":"12",
						"countOfEmergency":"33"
					},
					{	"id":"#303",
						"date": "22/02/2017",
						"time": "2:30PM",
						"supCode": "Sub003",
						"supName": "Supplier -3",
						"MarketName" : "XYZ",
						"MarketVoucherNo" :"XYZ000",
						"totalReceived" : "40",
						"countOfMale" :"25",
						"countOfFemale":"15",
						"countOfNormal":"13",
						"countOfEmergency":"27"
					},
					{	"id":"#304",
						"date": "22/02/2017",
						"time": "2:35PM",
						"supCode": "Sub004",
						"supName": "Supplier -4",
						"MarketName" : "XYZ",
						"MarketVoucherNo" :"XYZ001",
						"totalReceived" : "39",
						"countOfMale" :"35",
						"countOfFemale":"04",
						"countOfNormal":"04",
						"countOfEmergency":"35"
					},
					{	"id":"#305",
						"date": "22/02/2017",
						"time": "2:30PM",
						"supCode": "Sub005",
						"supName": "Supplier -5",
						"MarketName" : "XYZ",
						"MarketVoucherNo" :"XYZ000",
						"totalReceived" : "16",
						"countOfMale" :"05",
						"countOfFemale":"11",
						"countOfNormal":"13",
						"countOfEmergency":"03"
					}
			],
		"weeklyData": [
			{	"id":"#301",
				"date": "22/02/2017",
				"time": "2:30PM",
				"supCode": "Sub001",
				"supName": "Supplier -1",
				"MarketName" : "XYZ",
				"MarketVoucherNo" :"XYZ000",
				"totalReceived" : "60",
				"countOfMale" :"25",
				"countOfFemale":"35",
				"countOfNormal":"14",
				"countOfEmergency":"46"
			},
			{	"id":"#302",
				"date": "22/02/2017",
				"time": "2:35PM",
				"supCode": "Sub002",
				"supName": "Supplier -2",
				"MarketName" : "XYZ",
				"MarketVoucherNo" :"XYZ001",
				"totalReceived": "45",
				"countOfMale" :"35",
				"countOfFemale":"10",
				"countOfNormal":"12",
				"countOfEmergency":"33"
			},
			{	"id":"#303",
				"date": "22/02/2017",
				"time": "2:30PM",
				"supCode": "Sub003",
				"supName": "Supplier -3",
				"MarketName" : "XYZ",
				"MarketVoucherNo" :"XYZ000",
				"totalReceived" : "40",
				"countOfMale" :"25",
				"countOfFemale":"15",
				"countOfNormal":"13",
				"countOfEmergency":"27"
			},
			{	"id":"#304",
				"date": "22/02/2017",
				"time": "2:35PM",
				"supCode": "Sub004",
				"supName": "Supplier -4",
				"MarketName" : "XYZ",
				"MarketVoucherNo" :"XYZ001",
				"totalReceived" : "39",
				"countOfMale" :"35",
				"countOfFemale":"04",
				"countOfNormal":"04",
				"countOfEmergency":"35"
			},
			{	"id":"#305",
				"date": "22/02/2017",
				"time": "2:30PM",
				"supCode": "Sub005",
				"supName": "Supplier -5",
				"MarketName" : "XYZ",
				"MarketVoucherNo" :"XYZ000",
				"totalReceived" : "16",
				"countOfMale" :"05",
				"countOfFemale":"11",
				"countOfNormal":"13",
				"countOfEmergency":"03"
			}
		],
		"monthlyData": [
			{	"id":"#301",
				"date": "22/02/2017",
				"time": "2:30PM",
				"supCode": "Sub001",
				"supName": "Supplier -1",
				"MarketName" : "XYZ",
				"MarketVoucherNo" :"XYZ000",
				"totalReceived" : "60",
				"countOfMale" :"25",
				"countOfFemale":"35",
				"countOfNormal":"14",
				"countOfEmergency":"46"
			},
			{	"id":"#302",
				"date": "22/02/2017",
				"time": "2:35PM",
				"supCode": "Sub002",
				"supName": "Supplier -2",
				"MarketName" : "XYZ",
				"MarketVoucherNo" :"XYZ001",
				"totalReceived": "45",
				"countOfMale" :"35",
				"countOfFemale":"10",
				"countOfNormal":"12",
				"countOfEmergency":"33"
			},
			{	"id":"#303",
				"date": "22/02/2017",
				"time": "2:30PM",
				"supCode": "Sub003",
				"supName": "Supplier -3",
				"MarketName" : "XYZ",
				"MarketVoucherNo" :"XYZ000",
				"totalReceived" : "40",
				"countOfMale" :"25",
				"countOfFemale":"15",
				"countOfNormal":"13",
				"countOfEmergency":"27"
			},
			{	"id":"#304",
				"date": "22/02/2017",
				"time": "2:35PM",
				"supCode": "Sub004",
				"supName": "Supplier -4",
				"MarketName" : "XYZ",
				"MarketVoucherNo" :"XYZ001",
				"totalReceived" : "39",
				"countOfMale" :"35",
				"countOfFemale":"04",
				"countOfNormal":"04",
				"countOfEmergency":"35"
			},
			{	"id":"#305",
				"date": "22/02/2017",
				"time": "2:30PM",
				"supCode": "Sub005",
				"supName": "Supplier -5",
				"MarketName" : "XYZ",
				"MarketVoucherNo" :"XYZ000",
				"totalReceived" : "16",
				"countOfMale" :"05",
				"countOfFemale":"11",
				"countOfNormal":"13",
				"countOfEmergency":"03"
			}
		],
		"quarterlyData": [
			{	"id":"#301",
				"date": "22/02/2017",
				"time": "2:30PM",
				"supCode": "Sub001",
				"supName": "Supplier -1",
				"MarketName" : "XYZ",
				"MarketVoucherNo" :"XYZ000",
				"totalReceived" : "60",
				"countOfMale" :"25",
				"countOfFemale":"35",
				"countOfNormal":"14",
				"countOfEmergency":"46"
			},
			{	"id":"#302",
				"date": "22/02/2017",
				"time": "2:35PM",
				"supCode": "Sub002",
				"supName": "Supplier -2",
				"MarketName" : "XYZ",
				"MarketVoucherNo" :"XYZ001",
				"totalReceived": "45",
				"countOfMale" :"35",
				"countOfFemale":"10",
				"countOfNormal":"12",
				"countOfEmergency":"33"
			},
			{	"id":"#303",
				"date": "22/02/2017",
				"time": "2:30PM",
				"supCode": "Sub003",
				"supName": "Supplier -3",
				"MarketName" : "XYZ",
				"MarketVoucherNo" :"XYZ000",
				"totalReceived" : "40",
				"countOfMale" :"25",
				"countOfFemale":"15",
				"countOfNormal":"13",
				"countOfEmergency":"27"
			},
			{	"id":"#304",
				"date": "22/02/2017",
				"time": "2:35PM",
				"supCode": "Sub004",
				"supName": "Supplier -4",
				"MarketName" : "XYZ",
				"MarketVoucherNo" :"XYZ001",
				"totalReceived" : "39",
				"countOfMale" :"35",
				"countOfFemale":"04",
				"countOfNormal":"04",
				"countOfEmergency":"35"
			},
			{	"id":"#305",
				"date": "22/02/2017",
				"time": "2:30PM",
				"supCode": "Sub005",
				"supName": "Supplier -5",
				"MarketName" : "XYZ",
				"MarketVoucherNo" :"XYZ000",
				"totalReceived" : "16",
				"countOfMale" :"05",
				"countOfFemale":"11",
				"countOfNormal":"13",
				"countOfEmergency":"03"
			}
		]
	}
 }]